[{"author": "gucci", "date": "2019-06-04", "comment": "@urnotchrislee attended the #GucciCruise20 fashion show at Rome\u2019s Capitoline Museums @museiincomuneroma, wearing a houndstooth jumpsuit with a lace shirt and leather mid-heel loafers from #GucciFW19 by @alessandro_michele. #ChrisLee completed her look with fine jewelry from the #LeMarch\u00e9desMerveilles collection. Discover who attended the show through link in bio. #AlessandroMichele #MuseiCapitolini #ChrisLee"}, {"author": "yahoostyleca", "date": "2019-05-24", "comment": "@giambattistavalliparis and H&M dropped a major surprise at the 2019 amFAR Cannes Gala! Tap the link in bio for more. \ud83d\udda4 \ud83d\udcf7 @gettyimages"}, {"author": "seasunstefunny", "date": "2019-04-03", "comment": "You are your only limit\ud83d\udda4 @urnotchrislee Outfit: @jpgaultierofficial #cannes #chrislee #beforeafter #matchymatchy #cosplay #ahstefani #china\ud83c\udde8\ud83c\uddf3 #fashionaddicted #redcarpet #redcarpetready #celebritydress #outfitoftheday #bestdressed"}, {"author": "gaultier_forever", "date": "2019-05-15", "comment": "Cannes flashback to last year when actress #chrislee slayed the red carpet in Gaultier Paris #jeanpaulgaultier #Gaultier #gaultierparis #lookoftheday #fashion #fashionista #fashionbear #outfitoftheday #fashionandart #fashionandstyle #moda #fashionhistory #iconicfashion #iconicfashion #celebritiesingaultier"}, {"author": "liyuchun.official", "date": "2019-05-29", "comment": "Exploring #GucciCruise20 in Rome\u2764\ufe0f #chrislee #liyuchun #Gucci #rome #CapitolineMuseums #MuseiCapitolini #fashion @gucci @museiincomuneroma"}, {"author": "fashionsdecisions", "date": "2019-05-24", "comment": "@giambattistavalli and his muses for the collaboration with @hm \ud83c\udf1f #project\ud83d\udda4 - #giambattistavalli #celebrity #paparazzi #picture #fashion #outfit #hm #handm #amfar #amfargala #amfar2019 #gala #aids #kendalljenner #chrislee #chiaraferragni #rosslynch #biancabrandolini #hermusic #dress"}, {"author": "lopinghandon", "date": "2019-03-23", "comment": "Promotional Photos for the season finale \u201cThere\u2019s always a loophole\u201d . . . . Synopsis: When a group of unwelcome visitors descends upon the school, Hope leads the charge to keep her friends safe; MG uncovers a secret about his mother; Josie finds herself in a dire situation. . . #legacies #danielleroserussell #hopemikaelson #kayleebryant #josiesaltzman #jennyboyd #quincyfouse #miltongreasley #peytonalexsmith #rafaelwhaite #chrislee #kaleb #benlevin #jed #seasonfinale #episode16"}, {"author": "eunoiary", "date": "2019-03-10", "comment": "i'm your family now. ac bvgedits cc bravenry sc voidlinslow scenes on my giveaway acc @theofficialchrislee @quincyfouse #eunoiarylegacies"}, {"author": "hopemikaelsonlegacies", "date": "2019-03-23", "comment": "Genteee n\u00e3o t\u00f4 aguentando de tanta ansiedade pra ver esse epis\u00f3dio\ud83d\ude31 fotos promocionais LGC 1x16. _ _ Vou sentir saudades de Legacies\ud83d\udc94 j\u00e1 quero a Season 2. _ _ @danielleroserussell @kaylee.bryant @jenarooski @peytonalexsmith @quincyfouse . #lgc #lgcs1 #legaciesforever #legacies #legados #hopemikaelson #hopequeen #thecw #myidol #myidols #danielleroserussell #jennyboyd #kayleebryant #peytonalexsmith #ariashaghasemi #chrislee #quincyfouse #mattdavis"}]