[{"author": "cristiano____7____ronaldo", "date": "2019-06-16", "comment": "Best Caption wins ...\ud83e\udd14\ud83e\udd23 @cristiano . . \u0646\u06a9\u062a\u0647 \u0639\u06a9\u0633 \u0686\u06cc\u0647 \u0628\u0646\u0638\u0631\u062a\u0648\u0646\u061f\ud83e\udd14 \ud83d\udcf2Follow @Cristiano____7____Ronaldo for more. #CR7 #cristiano #boy #juventus #njr #realmadrid #perspolis #cristisno____7____ronaldo #ForzaJuve #ucl #fifa #cristiano_ronaldo #cristianoronaldo #ronaldo #selenagomez #messi #football #cr7juve #instagram #finoallafilne #fcbarcelona #player #model #salah #goals #esteghlal #cr7fans #halamadrid"}, {"author": "irealmadridlife", "date": "2019-06-16", "comment": "\u0627\u0644\u0639\u0631\u064a\u0633 \ud83d\udd25\ud83d\ude0d"}, {"author": "k7ng_juve", "date": "2019-06-16", "comment": "GOAT \ud83d\udc10\ud83c\udfc6\ud83d\udc51 @cristiano & @leomessi FOLLOW @k7ng_juve \u2714 . . . #forcaportugal #worldcup #cristiano #cris #ronaldo #cr7 #dybala #juventus #madridista #madrid #matchday #happybirthday #cr7juve #HalaMadrid #fun #goals #georginarodriguez #family #football #santiagobernabeu #spain #RealMadrid #hazard #ucl #paulpogba #RMliga #turin #thebest #cristianoronaldo #messi"}, {"author": "thecr7legacy", "date": "2019-06-16", "comment": "The most dangerous ones are the most quiet ones. \ud83d\ude08 - - - Follow @thecr7legacy \ud83d\udc48\ud83c\udffc Follow @thecr7legacy \ud83d\udc48\ud83c\udffc Follow @thecr7legacy \ud83d\udc48\ud83c\udffc"}, {"author": "cristiano.hero7", "date": "2019-06-16", "comment": "Good morning \ud83d\ude4f Style \u2764 @cristiano \ud83d\udc51"}, {"author": "james10arab", "date": "2019-06-16", "comment": "\u0642\u0648\u0648\u0648\u0648\u0648\u0644 \u0643\u0648\u0644\u0648\u0648\u0648\u0645\u0628\u064a \u062b\u0627\u0627\u0627\u0627\u0627\u0646\u064a \ud83d\ude2d\ud83d\ude2d\ud83d\ude2d\ud83d\ude0d \u064a\u0627 \u062c\u0645\u0627\u0639\u0629 \u0634\u0647\u0644 \u0645\u0633\u062a\u0648\u0649 \ud83d\ude2d\ud83d\ude2d\ud83d\ude2d\ud83d\udd25 . . . #james #jamesrodr\u00edguez #jamesrodriguez10 #vamos #colombiana #jamesrodriguez #jamesrodrigues #jamesrodrigues #real #bayernmunchen #bayern #bayernmunich #realmadridfc #realmadridfans #realmadrid #\u0631\u064a\u0627\u0644_\u0645\u062f\u0631\u064a\u062f #\u062e\u0627\u0645\u064a\u0633 #\u062e\u0627\u0645\u064a\u0633_\u0631\u0648\u062f\u0631\u064a\u063a\u064a\u0632 @jamesrodriguez10 \u26bd\ufe0f - #JamesRodriguez #Halamadrid #Colombia #TodosConJames #jamesrodriguez10 #danielaospina #realmadrid #cristianoronaldo #cristiano"}, {"author": "james10arab", "date": "2019-06-16", "comment": "jamesrodregez10 .\ud83c\udde8\ud83c\uddf4\ud83d\ude0d\ud83d\ude2d\ud83d\ude2d\ud83d\udc51 \u0646\u0647\u0627\u064a\u0629 \u0627\u0644\u0645\u0628\u0627\u0631\u0627\u0629 \u0628\u0645\u0633\u062a\u0648\u0649 \u0627\u0633\u0637\u0648\u0631\u064a \u0648\u062e\u0631\u0627\u0641\u064a \u0648\u0639\u0627\u0627\u0627\u0644\u0645\u064a \u0648\u0645\u062b\u0627\u0644\u064a \u0648\u0643\u0644 \u0627\u0644\u0627\u0648\u0635\u0627\u0641 \u0627\u0644\u0627\u0633\u0637\u0648\u0631\u064a\u0647 \u0627\u0644\u0644\u064a \u064a\u0633\u062a\u062d\u0642\u0647\u0627 \u0647\u0630\u0627 \u0627\u0644\u0645\u0646\u062a\u062e\u0628 \u0627\u0644\u0639\u0627\u0644\u0645\u064a \u0648\u062e\u0627\u0645\u064a\u0633 \u0645\u0644\u0643 \u0627\u0644\u0627\u0633\u064a\u0633\u062a \ud83d\ude2d\ud83d\ude0d . \ud83d\ude0d\ud83d\ude0d\ud83d\ude0d\ud83d\ude0d\ud83d\udd25 . .. ... ....\u0627\u0635\u062d\u0627\u0628 \u0627\u0644\u062a\u0648\u0642\u0639\u0627\u062a \u0627\u0644\u0635\u062d\u064a\u062d\u0629 @sr4q8_ @ziko_lemkadem @j10mesbe05 @cajjad_22 @lordmufc \ud83d\udc4f\ud83d\udc4f\ud83d\udc4f\ud83d\udc4f\ud83d\udc4f\ud83d\udc4f\ud83d\ude0d . . . . \u200c#james #jamesrodr\u00edguez #jamesrodriguez10 #vamos #colombiana #jamesrodriguez #jamesrodrigues #jamesrodrigues #real #bayernmunchen #bayern #bayernmunich #realmadridfc #realmadridfans #realmadrid #\u0631\u064a\u0627\u0644_\u0645\u062f\u0631\u064a\u062f #\u062e\u0627\u0645\u064a\u0633 #\u062e\u0627\u0645\u064a\u0633_\u0631\u0648\u062f\u0631\u064a\u063a\u064a\u0632 @jamesrodriguez10 \u26bd\ufe0f - #JamesRodriguez #Halamadrid #Colombia #TodosConJames #jamesrodriguez10 #danielaospina #realmadrid #cristianoronaldo #cristiano"}, {"author": "repost__cristiano_ronaldo", "date": "2019-06-16", "comment": "Yes, it's been a year already. \ud83d\udc40 #cristianoronaldo #cristiano #ronaldo #juventus #juve #finoallafineforzajuventus\u26aa\ufe0f\u26ab\ufe0f #finoallafine #seriea #allianz"}, {"author": "cris_ronaldoc7", "date": "2019-06-16", "comment": "@cristiano #realMadrid | #halaMadrid | #cristianoRonaldo | #cristiano | #ronaldo | #bale | #benzema | #bbc | #football | #soccer | #modric | #kroos | #navas | #sergioRamos | #ramos | #varane | #like4like | #instagood | #casillas | #messi | #realMadridfans | #cr7 | #gb11 |#\u0631\u0648\u0646\u0627\u0644\u062f\u0648| \u0628\u064a\u0644 | #\u0631\u064a\u0627\u0644_\u0645\u062f\u0631\u064a\u062f | #\u0643\u0631\u064a\u0633\u062a\u064a\u0627\u0646\u0648 | #\u0645\u064a\u0633\u064a | #\u0647\u0644\u0627_\u0645\u062f\u0631\u064a\u062f\u2764\ufe0f"}]